{"cameraMode":{"drawMode":0,"name":"Shaded","section":"Shading Mode"},"sceneLighting":false,"audioPlay":false,"sceneViewState":{"showFog":true,"showMaterialUpdate":false,"showSkybox":false,"showFlares":true,"showImageEffects":true,"showParticleSystems":true},"in2DMode":false,"pivot":{"x":6.070000171661377,"y":-0.0599999725818634,"z":1.159999966621399},"rotation":{"x":0.06765689700841904,"y":-0.9268994927406311,"z":0.2036842703819275,"w":0.3078841269016266},"size":4.678557395935059,"orthographic":false}