{"cameraMode":{"drawMode":0,"name":"Shaded","section":"Shading Mode"},"sceneLighting":true,"audioPlay":false,"sceneViewState":{"showFog":true,"showMaterialUpdate":false,"showSkybox":false,"showFlares":true,"showImageEffects":true,"showParticleSystems":true},"in2DMode":false,"pivot":{"x":6.069999694824219,"y":0.06500005722045899,"z":-2.4110002517700197},"rotation":{"x":0.16669364273548127,"y":-0.27178674936294558,"z":0.04786081239581108,"w":0.9466016292572022},"size":40.010372161865237,"orthographic":false}