{"cameraMode":{"drawMode":0,"name":"Shaded","section":"Shading Mode"},"sceneLighting":true,"audioPlay":false,"sceneViewState":{"showFog":true,"showMaterialUpdate":false,"showSkybox":false,"showFlares":true,"showImageEffects":true,"showParticleSystems":true},"in2DMode":false,"pivot":{"x":0.0,"y":0.26000022888183596,"z":-7.215000152587891},"rotation":{"x":0.33111071586608889,"y":-0.1272350698709488,"z":0.04513884708285332,"w":0.9338840842247009},"size":40.61940002441406,"orthographic":false}